<?xml version="1.0" encoding="UTF-8"?>
<project-private xmlns="http://www.netbeans.org/ns/project-private/1">
    <editor-bookmarks xmlns="http://www.netbeans.org/ns/editor-bookmarks/2" lastBookmarkId="0"/>
    <open-files xmlns="http://www.netbeans.org/ns/projectui-open-files/2">
        <group>
            <file>file:/home/michiel/dev/distri/task2/CarRental-client/src/java/client/Main.java</file>
            <file>file:/home/michiel/dev/distri/task2/CarRental-client/src/java/simpleTrips</file>
        </group>
    </open-files>
</project-private>
